--
-- PostgreSQL database dump
--

-- Dumped from database version 14.12 (Ubuntu 14.12-0ubuntu0.22.04.1)
-- Dumped by pg_dump version 14.12 (Ubuntu 14.12-0ubuntu0.22.04.1)

SET statement_timeout = 0;
SET lock_timeout = 0;
SET idle_in_transaction_session_timeout = 0;
SET client_encoding = 'UTF8';
SET standard_conforming_strings = on;
SELECT pg_catalog.set_config('search_path', '', false);
SET check_function_bodies = false;
SET xmloption = content;
SET client_min_messages = warning;
SET row_security = off;

SET default_tablespace = '';

SET default_table_access_method = heap;

--
-- Name: auth_group; Type: TABLE; Schema: public; Owner: vova
--

CREATE TABLE public.auth_group (
    id integer NOT NULL,
    name character varying(150) NOT NULL
);


ALTER TABLE public.auth_group OWNER TO vova;

--
-- Name: auth_group_id_seq; Type: SEQUENCE; Schema: public; Owner: vova
--

ALTER TABLE public.auth_group ALTER COLUMN id ADD GENERATED BY DEFAULT AS IDENTITY (
    SEQUENCE NAME public.auth_group_id_seq
    START WITH 1
    INCREMENT BY 1
    NO MINVALUE
    NO MAXVALUE
    CACHE 1
);


--
-- Name: auth_group_permissions; Type: TABLE; Schema: public; Owner: vova
--

CREATE TABLE public.auth_group_permissions (
    id bigint NOT NULL,
    group_id integer NOT NULL,
    permission_id integer NOT NULL
);


ALTER TABLE public.auth_group_permissions OWNER TO vova;

--
-- Name: auth_group_permissions_id_seq; Type: SEQUENCE; Schema: public; Owner: vova
--

ALTER TABLE public.auth_group_permissions ALTER COLUMN id ADD GENERATED BY DEFAULT AS IDENTITY (
    SEQUENCE NAME public.auth_group_permissions_id_seq
    START WITH 1
    INCREMENT BY 1
    NO MINVALUE
    NO MAXVALUE
    CACHE 1
);


--
-- Name: auth_permission; Type: TABLE; Schema: public; Owner: vova
--

CREATE TABLE public.auth_permission (
    id integer NOT NULL,
    name character varying(255) NOT NULL,
    content_type_id integer NOT NULL,
    codename character varying(100) NOT NULL
);


ALTER TABLE public.auth_permission OWNER TO vova;

--
-- Name: auth_permission_id_seq; Type: SEQUENCE; Schema: public; Owner: vova
--

ALTER TABLE public.auth_permission ALTER COLUMN id ADD GENERATED BY DEFAULT AS IDENTITY (
    SEQUENCE NAME public.auth_permission_id_seq
    START WITH 1
    INCREMENT BY 1
    NO MINVALUE
    NO MAXVALUE
    CACHE 1
);


--
-- Name: auth_user; Type: TABLE; Schema: public; Owner: vova
--

CREATE TABLE public.auth_user (
    id integer NOT NULL,
    password character varying(128) NOT NULL,
    last_login timestamp with time zone,
    is_superuser boolean NOT NULL,
    username character varying(150) NOT NULL,
    first_name character varying(150) NOT NULL,
    last_name character varying(150) NOT NULL,
    email character varying(254) NOT NULL,
    is_staff boolean NOT NULL,
    is_active boolean NOT NULL,
    date_joined timestamp with time zone NOT NULL
);


ALTER TABLE public.auth_user OWNER TO vova;

--
-- Name: auth_user_groups; Type: TABLE; Schema: public; Owner: vova
--

CREATE TABLE public.auth_user_groups (
    id bigint NOT NULL,
    user_id integer NOT NULL,
    group_id integer NOT NULL
);


ALTER TABLE public.auth_user_groups OWNER TO vova;

--
-- Name: auth_user_groups_id_seq; Type: SEQUENCE; Schema: public; Owner: vova
--

ALTER TABLE public.auth_user_groups ALTER COLUMN id ADD GENERATED BY DEFAULT AS IDENTITY (
    SEQUENCE NAME public.auth_user_groups_id_seq
    START WITH 1
    INCREMENT BY 1
    NO MINVALUE
    NO MAXVALUE
    CACHE 1
);


--
-- Name: auth_user_id_seq; Type: SEQUENCE; Schema: public; Owner: vova
--

ALTER TABLE public.auth_user ALTER COLUMN id ADD GENERATED BY DEFAULT AS IDENTITY (
    SEQUENCE NAME public.auth_user_id_seq
    START WITH 1
    INCREMENT BY 1
    NO MINVALUE
    NO MAXVALUE
    CACHE 1
);


--
-- Name: auth_user_user_permissions; Type: TABLE; Schema: public; Owner: vova
--

CREATE TABLE public.auth_user_user_permissions (
    id bigint NOT NULL,
    user_id integer NOT NULL,
    permission_id integer NOT NULL
);


ALTER TABLE public.auth_user_user_permissions OWNER TO vova;

--
-- Name: auth_user_user_permissions_id_seq; Type: SEQUENCE; Schema: public; Owner: vova
--

ALTER TABLE public.auth_user_user_permissions ALTER COLUMN id ADD GENERATED BY DEFAULT AS IDENTITY (
    SEQUENCE NAME public.auth_user_user_permissions_id_seq
    START WITH 1
    INCREMENT BY 1
    NO MINVALUE
    NO MAXVALUE
    CACHE 1
);


--
-- Name: django_admin_log; Type: TABLE; Schema: public; Owner: vova
--

CREATE TABLE public.django_admin_log (
    id integer NOT NULL,
    action_time timestamp with time zone NOT NULL,
    object_id text,
    object_repr character varying(200) NOT NULL,
    action_flag smallint NOT NULL,
    change_message text NOT NULL,
    content_type_id integer,
    user_id integer NOT NULL,
    CONSTRAINT django_admin_log_action_flag_check CHECK ((action_flag >= 0))
);


ALTER TABLE public.django_admin_log OWNER TO vova;

--
-- Name: django_admin_log_id_seq; Type: SEQUENCE; Schema: public; Owner: vova
--

ALTER TABLE public.django_admin_log ALTER COLUMN id ADD GENERATED BY DEFAULT AS IDENTITY (
    SEQUENCE NAME public.django_admin_log_id_seq
    START WITH 1
    INCREMENT BY 1
    NO MINVALUE
    NO MAXVALUE
    CACHE 1
);


--
-- Name: django_content_type; Type: TABLE; Schema: public; Owner: vova
--

CREATE TABLE public.django_content_type (
    id integer NOT NULL,
    app_label character varying(100) NOT NULL,
    model character varying(100) NOT NULL
);


ALTER TABLE public.django_content_type OWNER TO vova;

--
-- Name: django_content_type_id_seq; Type: SEQUENCE; Schema: public; Owner: vova
--

ALTER TABLE public.django_content_type ALTER COLUMN id ADD GENERATED BY DEFAULT AS IDENTITY (
    SEQUENCE NAME public.django_content_type_id_seq
    START WITH 1
    INCREMENT BY 1
    NO MINVALUE
    NO MAXVALUE
    CACHE 1
);


--
-- Name: django_migrations; Type: TABLE; Schema: public; Owner: vova
--

CREATE TABLE public.django_migrations (
    id bigint NOT NULL,
    app character varying(255) NOT NULL,
    name character varying(255) NOT NULL,
    applied timestamp with time zone NOT NULL
);


ALTER TABLE public.django_migrations OWNER TO vova;

--
-- Name: django_migrations_id_seq; Type: SEQUENCE; Schema: public; Owner: vova
--

ALTER TABLE public.django_migrations ALTER COLUMN id ADD GENERATED BY DEFAULT AS IDENTITY (
    SEQUENCE NAME public.django_migrations_id_seq
    START WITH 1
    INCREMENT BY 1
    NO MINVALUE
    NO MAXVALUE
    CACHE 1
);


--
-- Name: django_session; Type: TABLE; Schema: public; Owner: vova
--

CREATE TABLE public.django_session (
    session_key character varying(40) NOT NULL,
    session_data text NOT NULL,
    expire_date timestamp with time zone NOT NULL
);


ALTER TABLE public.django_session OWNER TO vova;

--
-- Name: home_device; Type: TABLE; Schema: public; Owner: vova
--

CREATE TABLE public.home_device (
    id bigint NOT NULL,
    device integer NOT NULL,
    room_name character varying(200) NOT NULL,
    CONSTRAINT home_device_device_check CHECK ((device >= 0))
);


ALTER TABLE public.home_device OWNER TO vova;

--
-- Name: home_device_id_seq; Type: SEQUENCE; Schema: public; Owner: vova
--

ALTER TABLE public.home_device ALTER COLUMN id ADD GENERATED BY DEFAULT AS IDENTITY (
    SEQUENCE NAME public.home_device_id_seq
    START WITH 1
    INCREMENT BY 1
    NO MINVALUE
    NO MAXVALUE
    CACHE 1
);


--
-- Name: home_sensor; Type: TABLE; Schema: public; Owner: vova
--

CREATE TABLE public.home_sensor (
    id bigint NOT NULL,
    sensor integer NOT NULL,
    name character varying(200) NOT NULL,
    unit character varying(20) NOT NULL,
    device_id_id bigint NOT NULL,
    CONSTRAINT home_sensor_sensor_check CHECK ((sensor >= 0))
);


ALTER TABLE public.home_sensor OWNER TO vova;

--
-- Name: home_sensor_id_seq; Type: SEQUENCE; Schema: public; Owner: vova
--

ALTER TABLE public.home_sensor ALTER COLUMN id ADD GENERATED BY DEFAULT AS IDENTITY (
    SEQUENCE NAME public.home_sensor_id_seq
    START WITH 1
    INCREMENT BY 1
    NO MINVALUE
    NO MAXVALUE
    CACHE 1
);


--
-- Name: home_sensorvalue; Type: TABLE; Schema: public; Owner: vova
--

CREATE TABLE public.home_sensorvalue (
    id bigint NOT NULL,
    value numeric(6,2) NOT NULL,
    created timestamp with time zone NOT NULL,
    sensor_id_id bigint NOT NULL
);


ALTER TABLE public.home_sensorvalue OWNER TO vova;

--
-- Name: home_sensorvalue_id_seq; Type: SEQUENCE; Schema: public; Owner: vova
--

ALTER TABLE public.home_sensorvalue ALTER COLUMN id ADD GENERATED BY DEFAULT AS IDENTITY (
    SEQUENCE NAME public.home_sensorvalue_id_seq
    START WITH 1
    INCREMENT BY 1
    NO MINVALUE
    NO MAXVALUE
    CACHE 1
);


--
-- Name: home_sensorvalueavgday; Type: TABLE; Schema: public; Owner: vova
--

CREATE TABLE public.home_sensorvalueavgday (
    id bigint NOT NULL,
    value numeric(6,2) NOT NULL,
    date timestamp with time zone NOT NULL,
    sensor_id_id bigint NOT NULL
);


ALTER TABLE public.home_sensorvalueavgday OWNER TO vova;

--
-- Name: home_sensorvalueavgday_id_seq; Type: SEQUENCE; Schema: public; Owner: vova
--

ALTER TABLE public.home_sensorvalueavgday ALTER COLUMN id ADD GENERATED BY DEFAULT AS IDENTITY (
    SEQUENCE NAME public.home_sensorvalueavgday_id_seq
    START WITH 1
    INCREMENT BY 1
    NO MINVALUE
    NO MAXVALUE
    CACHE 1
);


--
-- Name: manicure_baseservice; Type: TABLE; Schema: public; Owner: vova
--

CREATE TABLE public.manicure_baseservice (
    id bigint NOT NULL,
    name character varying(100) NOT NULL
);


ALTER TABLE public.manicure_baseservice OWNER TO vova;

--
-- Name: manicure_baseservice_id_seq; Type: SEQUENCE; Schema: public; Owner: vova
--

ALTER TABLE public.manicure_baseservice ALTER COLUMN id ADD GENERATED BY DEFAULT AS IDENTITY (
    SEQUENCE NAME public.manicure_baseservice_id_seq
    START WITH 1
    INCREMENT BY 1
    NO MINVALUE
    NO MAXVALUE
    CACHE 1
);


--
-- Name: manicure_providedservice; Type: TABLE; Schema: public; Owner: vova
--

CREATE TABLE public.manicure_providedservice (
    id bigint NOT NULL,
    price numeric(6,2) NOT NULL,
    date date NOT NULL,
    service_id bigint NOT NULL,
    telegram_user_id bigint NOT NULL
);


ALTER TABLE public.manicure_providedservice OWNER TO vova;

--
-- Name: manicure_providedservice_id_seq; Type: SEQUENCE; Schema: public; Owner: vova
--

ALTER TABLE public.manicure_providedservice ALTER COLUMN id ADD GENERATED BY DEFAULT AS IDENTITY (
    SEQUENCE NAME public.manicure_providedservice_id_seq
    START WITH 1
    INCREMENT BY 1
    NO MINVALUE
    NO MAXVALUE
    CACHE 1
);


--
-- Name: manicure_service; Type: TABLE; Schema: public; Owner: vova
--

CREATE TABLE public.manicure_service (
    id bigint NOT NULL,
    name character varying(100) NOT NULL,
    short character varying(30) NOT NULL,
    price numeric(6,2) NOT NULL,
    base_id bigint NOT NULL,
    timing smallint,
    CONSTRAINT manicure_service_timing_check CHECK ((timing >= 0))
);


ALTER TABLE public.manicure_service OWNER TO vova;

--
-- Name: manicure_service_id_seq; Type: SEQUENCE; Schema: public; Owner: vova
--

ALTER TABLE public.manicure_service ALTER COLUMN id ADD GENERATED BY DEFAULT AS IDENTITY (
    SEQUENCE NAME public.manicure_service_id_seq
    START WITH 1
    INCREMENT BY 1
    NO MINVALUE
    NO MAXVALUE
    CACHE 1
);


--
-- Name: manicure_telegramuser; Type: TABLE; Schema: public; Owner: vova
--

CREATE TABLE public.manicure_telegramuser (
    id bigint NOT NULL,
    telegram_id integer NOT NULL,
    username character varying(200) NOT NULL,
    first_name character varying(200) NOT NULL,
    last_name character varying(200) NOT NULL,
    CONSTRAINT manicure_telegramuser_telegram_id_check CHECK ((telegram_id >= 0))
);


ALTER TABLE public.manicure_telegramuser OWNER TO vova;

--
-- Name: manicure_telegramuser_id_seq; Type: SEQUENCE; Schema: public; Owner: vova
--

ALTER TABLE public.manicure_telegramuser ALTER COLUMN id ADD GENERATED BY DEFAULT AS IDENTITY (
    SEQUENCE NAME public.manicure_telegramuser_id_seq
    START WITH 1
    INCREMENT BY 1
    NO MINVALUE
    NO MAXVALUE
    CACHE 1
);


--
-- Data for Name: auth_group; Type: TABLE DATA; Schema: public; Owner: vova
--

COPY public.auth_group (id, name) FROM stdin;
\.


--
-- Data for Name: auth_group_permissions; Type: TABLE DATA; Schema: public; Owner: vova
--

COPY public.auth_group_permissions (id, group_id, permission_id) FROM stdin;
\.


--
-- Data for Name: auth_permission; Type: TABLE DATA; Schema: public; Owner: vova
--

COPY public.auth_permission (id, name, content_type_id, codename) FROM stdin;
1	Can add log entry	1	add_logentry
2	Can change log entry	1	change_logentry
3	Can delete log entry	1	delete_logentry
4	Can view log entry	1	view_logentry
5	Can add permission	2	add_permission
6	Can change permission	2	change_permission
7	Can delete permission	2	delete_permission
8	Can view permission	2	view_permission
9	Can add group	3	add_group
10	Can change group	3	change_group
11	Can delete group	3	delete_group
12	Can view group	3	view_group
13	Can add user	4	add_user
14	Can change user	4	change_user
15	Can delete user	4	delete_user
16	Can view user	4	view_user
17	Can add content type	5	add_contenttype
18	Can change content type	5	change_contenttype
19	Can delete content type	5	delete_contenttype
20	Can view content type	5	view_contenttype
21	Can add session	6	add_session
22	Can change session	6	change_session
23	Can delete session	6	delete_session
24	Can view session	6	view_session
25	Can add service	7	add_service
26	Can change service	7	change_service
27	Can delete service	7	delete_service
28	Can view service	7	view_service
29	Can add base service	8	add_baseservice
30	Can change base service	8	change_baseservice
31	Can delete base service	8	delete_baseservice
32	Can view base service	8	view_baseservice
33	Can add telegram user	9	add_telegramuser
34	Can change telegram user	9	change_telegramuser
35	Can delete telegram user	9	delete_telegramuser
36	Can view telegram user	9	view_telegramuser
37	Can add provided service	10	add_providedservice
38	Can change provided service	10	change_providedservice
39	Can delete provided service	10	delete_providedservice
40	Can view provided service	10	view_providedservice
41	Can add device	11	add_device
42	Can change device	11	change_device
43	Can delete device	11	delete_device
44	Can view device	11	view_device
45	Can add sensor value	12	add_sensorvalue
46	Can change sensor value	12	change_sensorvalue
47	Can delete sensor value	12	delete_sensorvalue
48	Can view sensor value	12	view_sensorvalue
49	Can add sensor	13	add_sensor
50	Can change sensor	13	change_sensor
51	Can delete sensor	13	delete_sensor
52	Can view sensor	13	view_sensor
53	Can add sensor value avg day	14	add_sensorvalueavgday
54	Can change sensor value avg day	14	change_sensorvalueavgday
55	Can delete sensor value avg day	14	delete_sensorvalueavgday
56	Can view sensor value avg day	14	view_sensorvalueavgday
\.


--
-- Data for Name: auth_user; Type: TABLE DATA; Schema: public; Owner: vova
--

COPY public.auth_user (id, password, last_login, is_superuser, username, first_name, last_name, email, is_staff, is_active, date_joined) FROM stdin;
1	pbkdf2_sha256$720000$brycRUnSQrsKModUpSfrK0$gALZT+5R5ypVzuZjbko0M6JMVCqbgdVmwe5EfuDUzms=	2024-08-03 10:32:32.681406+03	t	vova				t	t	2024-07-22 23:01:40.438143+03
\.


--
-- Data for Name: auth_user_groups; Type: TABLE DATA; Schema: public; Owner: vova
--

COPY public.auth_user_groups (id, user_id, group_id) FROM stdin;
\.


--
-- Data for Name: auth_user_user_permissions; Type: TABLE DATA; Schema: public; Owner: vova
--

COPY public.auth_user_user_permissions (id, user_id, permission_id) FROM stdin;
\.


--
-- Data for Name: django_admin_log; Type: TABLE DATA; Schema: public; Owner: vova
--

COPY public.django_admin_log (id, action_time, object_id, object_repr, action_flag, change_message, content_type_id, user_id) FROM stdin;
1	2024-07-22 23:03:48.239954+03	1	Маникюр	1	[{"added": {}}]	8	1
2	2024-07-22 23:04:00.859706+03	2	СПА-педикюр	1	[{"added": {}}]	8	1
3	2024-07-22 23:04:06.667339+03	3	Экспресс-педикюр	1	[{"added": {}}]	8	1
4	2024-07-22 23:04:16.499235+03	4	Смарт-педикюр	1	[{"added": {}}]	8	1
5	2024-07-22 23:04:22.910995+03	5	Дополнительные услуги	1	[{"added": {}}]	8	1
6	2024-07-23 21:18:32.940515+03	1	Маникюр без покрытия (аппаратный, комбинированный)	1	[{"added": {}}]	7	1
7	2024-07-23 21:18:59.676859+03	2	Маникюр мужской	1	[{"added": {}}]	7	1
8	2024-07-23 21:19:38.215117+03	3	Маникюр с покрытием эколаком	1	[{"added": {}}]	7	1
9	2024-07-23 21:20:19.926489+03	4	Маникюр с покрытием эколаком "френч"	1	[{"added": {}}]	7	1
10	2024-07-23 21:21:32.160986+03	5	Маникюр с долговременным покрытием	1	[{"added": {}}]	7	1
11	2024-07-23 21:22:43.748991+03	6	Маникюр с долговременным покрытием "френч"	1	[{"added": {}}]	7	1
12	2024-07-23 21:23:18.754582+03	7	Спа-педикюр Feetcalm без покрытия (аппаратный, комбинированный)	1	[{"added": {}}]	7	1
13	2024-07-23 21:23:45.708119+03	8	Мужской спа-педикюр Feetcalm	1	[{"added": {}}]	7	1
14	2024-07-23 21:24:29.097226+03	9	Спа-педикюр Feetcalm с покрытием эколаком	1	[{"added": {}}]	7	1
15	2024-07-23 21:24:55.376077+03	10	Спа-педикюр Feetcalm с покрытием эколаком "френч"	1	[{"added": {}}]	7	1
16	2024-07-23 21:25:29.543226+03	11	Спа-педикюр Feetcalm с долговременным покрытием	1	[{"added": {}}]	7	1
17	2024-07-23 21:25:56.467048+03	12	Спа-педикюр Feetcalm с долговременным покрытием "френч"	1	[{"added": {}}]	7	1
18	2024-07-23 21:26:33.135581+03	13	Экспресс-педикюр без покрытия (обработка пальцев ног)	1	[{"added": {}}]	7	1
19	2024-07-23 21:27:00.824054+03	14	Экспресс-педикюр с покрытием эколаком	1	[{"added": {}}]	7	1
20	2024-07-23 21:27:31.659571+03	15	Экспресс-педикюр с покрытием эколаком "френч"	1	[{"added": {}}]	7	1
21	2024-07-23 21:28:00.939248+03	16	Экспресс-педикюр с долговременным покрытием	1	[{"added": {}}]	7	1
22	2024-07-23 21:28:28.084132+03	17	Экспресс-педикюр с долговременным покрытием "френч"	1	[{"added": {}}]	7	1
23	2024-07-23 21:29:01.870458+03	18	Смарт-педикюр без покрытия	1	[{"added": {}}]	7	1
24	2024-07-23 21:29:21.865465+03	19	Смарт-педикюр с покрытием эколаком	1	[{"added": {}}]	7	1
25	2024-07-23 21:29:43.446803+03	20	Смарт-педикюр с покрытием эколаком "френч"	1	[{"added": {}}]	7	1
26	2024-07-23 21:30:07.922153+03	21	Смарт-педикюр с долговременным покрытием	1	[{"added": {}}]	7	1
27	2024-07-23 21:30:26.627299+03	22	Смарт-педикюр с долговременным покрытием "френч"	1	[{"added": {}}]	7	1
28	2024-07-23 21:30:57.757772+03	23	Укрепление ногтей гелем	1	[{"added": {}}]	7	1
29	2024-07-23 21:32:22.453693+03	24	Дизайн 1 ногтя гель-лаком	1	[{"added": {}}]	7	1
30	2024-07-23 21:33:06.479829+03	25	Сложный дизайн 1 ногтя гель-лаком	1	[{"added": {}}]	7	1
31	2024-07-23 21:33:44.511789+03	26	Дизайн 1 ногтя эколаком	1	[{"added": {}}]	7	1
32	2024-07-23 21:40:08.9359+03	27	Сложный дизайн 1 ногтя эколаком	1	[{"added": {}}]	7	1
33	2024-07-23 21:40:41.411463+03	28	Ремонт 1 ногтя шелком	1	[{"added": {}}]	7	1
34	2024-07-23 21:41:10.841996+03	29	Ремонт 1 ногтя гель-лаком	1	[{"added": {}}]	7	1
35	2024-07-23 21:41:39.77104+03	30	Ремонт 10 ногтей (в комплексе с другой услугой)	1	[{"added": {}}]	7	1
36	2024-07-23 21:42:20.539645+03	31	Сложный ремонт 1 ногтя	1	[{"added": {}}]	7	1
37	2024-07-23 21:42:58.047967+03	32	Сложный ремонт 10 ногтей (в комплексе с другой услугой)	1	[{"added": {}}]	7	1
38	2024-07-23 21:43:20.429582+03	33	Снятие лака	1	[{"added": {}}]	7	1
39	2024-07-23 21:43:51.451192+03	34	Снятие долговременного покрытия	1	[{"added": {}}]	7	1
40	2024-07-23 21:46:02.648967+03	1	948682270	1	[{"added": {}}]	9	1
41	2024-07-23 21:46:54.29657+03	2	775094528	1	[{"added": {}}]	9	1
42	2024-08-03 11:03:10.1577+03	5	humidity	2	[{"changed": {"fields": ["Unit"]}}]	13	1
43	2024-08-03 11:09:10.757113+03	4	temperature	2	[{"changed": {"fields": ["Unit"]}}]	13	1
44	2024-08-03 11:21:58.299963+03	1	Основная комната	2	[{"changed": {"fields": ["Room name"]}}]	11	1
\.


--
-- Data for Name: django_content_type; Type: TABLE DATA; Schema: public; Owner: vova
--

COPY public.django_content_type (id, app_label, model) FROM stdin;
1	admin	logentry
2	auth	permission
3	auth	group
4	auth	user
5	contenttypes	contenttype
6	sessions	session
7	manicure	service
8	manicure	baseservice
9	manicure	telegramuser
10	manicure	providedservice
11	home	device
12	home	sensorvalue
13	home	sensor
14	home	sensorvalueavgday
\.


--
-- Data for Name: django_migrations; Type: TABLE DATA; Schema: public; Owner: vova
--

COPY public.django_migrations (id, app, name, applied) FROM stdin;
1	contenttypes	0001_initial	2024-07-22 22:33:59.374773+03
2	auth	0001_initial	2024-07-22 22:33:59.404922+03
3	admin	0001_initial	2024-07-22 22:33:59.41395+03
4	admin	0002_logentry_remove_auto_add	2024-07-22 22:33:59.417564+03
5	admin	0003_logentry_add_action_flag_choices	2024-07-22 22:33:59.421049+03
6	contenttypes	0002_remove_content_type_name	2024-07-22 22:33:59.428741+03
7	auth	0002_alter_permission_name_max_length	2024-07-22 22:33:59.432619+03
8	auth	0003_alter_user_email_max_length	2024-07-22 22:33:59.436363+03
9	auth	0004_alter_user_username_opts	2024-07-22 22:33:59.439759+03
10	auth	0005_alter_user_last_login_null	2024-07-22 22:33:59.444302+03
11	auth	0006_require_contenttypes_0002	2024-07-22 22:33:59.445092+03
12	auth	0007_alter_validators_add_error_messages	2024-07-22 22:33:59.448495+03
13	auth	0008_alter_user_username_max_length	2024-07-22 22:33:59.454122+03
14	auth	0009_alter_user_last_name_max_length	2024-07-22 22:33:59.457929+03
15	auth	0010_alter_group_name_max_length	2024-07-22 22:33:59.462139+03
16	auth	0011_update_proxy_permissions	2024-07-22 22:33:59.465531+03
17	auth	0012_alter_user_first_name_max_length	2024-07-22 22:33:59.46931+03
18	sessions	0001_initial	2024-07-22 22:33:59.473854+03
19	manicure	0001_initial	2024-07-22 22:52:22.724922+03
20	manicure	0002_service_timing	2024-07-23 21:06:18.273293+03
21	manicure	0003_alter_service_timing	2024-07-23 21:21:59.796614+03
22	home	0001_initial	2024-07-31 21:33:44.182167+03
\.


--
-- Data for Name: django_session; Type: TABLE DATA; Schema: public; Owner: vova
--

COPY public.django_session (session_key, session_data, expire_date) FROM stdin;
4mx756i8krkudk442c8x5854y9yg22hb	.eJxVjEEOwiAQRe_C2pBCB2hduvcMzTAzSNVAUtqV8e7apAvd_vfef6kJtzVPW5NlmlmdlVGn3y0iPaTsgO9YblVTLesyR70r-qBNXyvL83K4fwcZW_7WA2HfBXAxpuiCcBA0IwRLCQSoE--dOIDUMxOBNeNgLRCZQGg8Cqn3B_llOIs:1sVzEJ:kv8PtS4HX-Z8MANnmfkxLB1HVDdGTJ1l7czdP4FyXGA	2024-08-05 23:01:55.515018+03
ueo57obis5bzckseidhp5mnwu1wndesk	.eJxVjEEOwiAQRe_C2pBCB2hduvcMzTAzSNVAUtqV8e7apAvd_vfef6kJtzVPW5NlmlmdlVGn3y0iPaTsgO9YblVTLesyR70r-qBNXyvL83K4fwcZW_7WA2HfBXAxpuiCcBA0IwRLCQSoE--dOIDUMxOBNeNgLRCZQGg8Cqn3B_llOIs:1sZyNW:Ndvr316L2nocBWoMD7tVd36GG54j5A22pNMyrSCs864	2024-08-16 22:55:54.319525+03
pjpwobsihefu2cx9riwb1693v4en8769	.eJxVjEEOwiAQRe_C2pBCB2hduvcMzTAzSNVAUtqV8e7apAvd_vfef6kJtzVPW5NlmlmdlVGn3y0iPaTsgO9YblVTLesyR70r-qBNXyvL83K4fwcZW_7WA2HfBXAxpuiCcBA0IwRLCQSoE--dOIDUMxOBNeNgLRCZQGg8Cqn3B_llOIs:1sa9Fg:i4W7D4-1pclZGdvjqQejIq3HrAsEo6haiKWfnVGp3zY	2024-08-17 10:32:32.682387+03
\.


--
-- Data for Name: home_device; Type: TABLE DATA; Schema: public; Owner: vova
--

COPY public.home_device (id, device, room_name) FROM stdin;
1	1	Основная комната
\.


--
-- Data for Name: home_sensor; Type: TABLE DATA; Schema: public; Owner: vova
--

COPY public.home_sensor (id, sensor, name, unit, device_id_id) FROM stdin;
1	1234567890	температура	*C	1
2	1234555890	температура в воде	*C	1
3	1237867890	Влажность	%	1
5	1	humidity	%	1
4	0	temperature	°C	1
\.


--
-- Data for Name: home_sensorvalue; Type: TABLE DATA; Schema: public; Owner: vova
--

COPY public.home_sensorvalue (id, value, created, sensor_id_id) FROM stdin;
1	22.05	2024-07-31 21:34:16.442234+03	1
2	22.15	2024-07-31 21:36:11.453053+03	1
3	22.05	2024-07-31 21:43:17.495413+03	1
4	20.05	2024-07-31 21:43:17.509843+03	2
5	59.05	2024-07-31 21:43:17.512955+03	3
6	22.05	2024-08-02 22:05:48.502802+03	1
7	20.05	2024-08-02 22:05:48.507915+03	2
8	22.05	2024-08-02 22:24:00.79302+03	1
9	20.05	2024-08-02 22:24:00.805449+03	2
10	22.05	2024-08-02 22:24:35.499327+03	1
11	20.05	2024-08-02 22:24:35.501281+03	2
12	22.05	2024-08-02 22:34:50.717114+03	1
13	20.05	2024-08-02 22:34:50.729903+03	2
14	22.05	2024-08-02 22:35:15.859509+03	1
15	20.05	2024-08-02 22:35:15.861806+03	2
16	24.00	2024-08-02 22:41:14.589926+03	4
17	48.50	2024-08-02 22:41:14.592979+03	5
18	23.90	2024-08-02 22:41:24.91555+03	4
19	48.70	2024-08-02 22:41:24.917531+03	5
20	24.30	2024-08-02 22:42:25.390218+03	4
21	47.90	2024-08-02 22:42:25.402055+03	5
22	24.30	2024-08-02 22:44:05.732425+03	4
23	47.60	2024-08-02 22:44:05.734803+03	5
24	23.90	2024-08-02 22:45:46.06992+03	4
25	48.60	2024-08-02 22:45:46.0822+03	5
26	24.00	2024-08-02 22:47:26.404841+03	4
27	48.80	2024-08-02 22:47:26.417645+03	5
28	23.80	2024-08-02 22:49:06.744723+03	4
29	48.70	2024-08-02 22:49:06.759143+03	5
30	23.70	2024-08-02 22:50:47.094855+03	4
31	49.20	2024-08-02 22:50:47.108184+03	5
32	23.40	2024-08-02 22:52:27.440223+03	4
33	50.70	2024-08-02 22:52:27.442798+03	5
34	23.40	2024-08-02 22:54:07.777466+03	4
35	50.30	2024-08-02 22:54:07.779554+03	5
36	23.50	2024-08-02 22:55:48.111594+03	4
37	50.60	2024-08-02 22:55:48.114239+03	5
38	23.50	2024-08-02 22:57:28.444065+03	4
39	50.90	2024-08-02 22:57:28.457024+03	5
40	23.50	2024-08-02 22:59:08.786783+03	4
41	50.70	2024-08-02 22:59:08.789495+03	5
42	23.90	2024-08-02 23:00:49.125307+03	4
43	49.60	2024-08-02 23:00:49.139779+03	5
44	24.40	2024-08-02 23:02:29.468934+03	4
45	49.10	2024-08-02 23:02:29.480913+03	5
46	24.70	2024-08-02 23:04:09.807796+03	4
47	48.40	2024-08-02 23:04:09.819927+03	5
48	25.10	2024-08-02 23:05:50.150118+03	4
49	48.10	2024-08-02 23:05:50.152408+03	5
50	25.30	2024-08-02 23:07:30.479614+03	4
51	47.80	2024-08-02 23:07:30.491613+03	5
52	25.40	2024-08-02 23:09:10.82018+03	4
53	47.70	2024-08-02 23:09:10.833108+03	5
54	25.50	2024-08-02 23:10:51.165731+03	4
55	47.80	2024-08-02 23:10:51.16873+03	5
56	25.60	2024-08-02 23:12:31.50075+03	4
57	47.50	2024-08-02 23:12:31.502672+03	5
58	25.60	2024-08-02 23:14:11.837636+03	4
59	47.40	2024-08-02 23:14:11.840166+03	5
60	25.60	2024-08-02 23:15:52.170163+03	4
61	47.40	2024-08-02 23:15:52.172625+03	5
62	25.60	2024-08-02 23:17:32.50995+03	4
63	47.70	2024-08-02 23:17:32.512267+03	5
64	25.70	2024-08-02 23:19:12.835953+03	4
65	47.60	2024-08-02 23:19:12.84852+03	5
66	25.70	2024-08-02 23:20:53.206675+03	4
67	47.50	2024-08-02 23:20:53.219397+03	5
68	25.80	2024-08-02 23:22:33.55442+03	4
69	47.30	2024-08-02 23:22:33.556745+03	5
70	25.90	2024-08-02 23:24:13.882534+03	4
71	47.20	2024-08-02 23:24:13.885044+03	5
72	26.00	2024-08-02 23:25:54.221676+03	4
73	47.50	2024-08-02 23:25:54.225054+03	5
74	26.00	2024-08-02 23:27:34.549673+03	4
75	47.30	2024-08-02 23:27:34.551412+03	5
76	26.10	2024-08-02 23:29:14.884974+03	4
77	47.30	2024-08-02 23:29:14.897505+03	5
78	26.10	2024-08-02 23:30:55.220595+03	4
79	47.60	2024-08-02 23:30:55.223372+03	5
80	26.10	2024-08-02 23:32:35.547039+03	4
81	47.30	2024-08-02 23:32:35.55014+03	5
82	26.10	2024-08-02 23:34:15.878068+03	4
83	47.50	2024-08-02 23:34:15.880705+03	5
84	26.20	2024-08-02 23:35:56.206941+03	4
85	47.20	2024-08-02 23:35:56.209623+03	5
86	26.20	2024-08-02 23:37:36.546737+03	4
87	47.00	2024-08-02 23:37:36.549253+03	5
88	26.30	2024-08-02 23:39:16.879546+03	4
89	47.60	2024-08-02 23:39:16.89135+03	5
90	26.20	2024-08-02 23:40:57.239728+03	4
91	47.70	2024-08-02 23:40:57.243056+03	5
92	23.50	2024-08-03 10:30:32.266561+03	4
93	51.60	2024-08-03 10:30:32.271527+03	5
94	23.80	2024-08-03 10:32:12.601548+03	4
95	50.10	2024-08-03 10:32:12.604763+03	5
96	23.80	2024-08-03 10:33:52.960701+03	4
97	49.60	2024-08-03 10:33:52.963632+03	5
98	24.00	2024-08-03 10:35:33.298131+03	4
99	50.20	2024-08-03 10:35:33.300925+03	5
100	24.10	2024-08-03 10:37:13.629879+03	4
101	49.80	2024-08-03 10:37:13.6425+03	5
102	24.00	2024-08-03 10:38:53.973227+03	4
103	49.30	2024-08-03 10:38:53.976047+03	5
104	24.00	2024-08-03 10:40:34.321589+03	4
105	49.10	2024-08-03 10:40:34.32456+03	5
106	24.20	2024-08-03 10:42:14.650464+03	4
107	49.10	2024-08-03 10:42:14.662642+03	5
108	24.30	2024-08-03 10:43:55.013637+03	4
109	48.80	2024-08-03 10:43:55.016065+03	5
110	24.30	2024-08-03 10:45:35.380442+03	4
111	48.40	2024-08-03 10:45:35.382457+03	5
112	24.40	2024-08-03 10:47:15.717636+03	4
113	49.00	2024-08-03 10:47:15.719698+03	5
114	24.60	2024-08-03 10:48:56.05409+03	4
115	48.50	2024-08-03 10:48:56.056537+03	5
116	24.60	2024-08-03 10:50:36.378371+03	4
117	47.70	2024-08-03 10:50:36.380424+03	5
118	24.50	2024-08-03 10:52:16.706926+03	4
119	47.90	2024-08-03 10:52:16.719505+03	5
120	24.50	2024-08-03 10:53:57.046514+03	4
121	48.30	2024-08-03 10:53:57.049094+03	5
122	24.60	2024-08-03 10:55:37.372805+03	4
123	48.30	2024-08-03 10:55:37.375351+03	5
124	24.80	2024-08-03 10:57:17.701635+03	4
125	47.80	2024-08-03 10:57:17.714811+03	5
126	24.90	2024-08-03 10:58:58.044017+03	4
127	46.90	2024-08-03 10:58:58.046756+03	5
128	24.80	2024-08-03 11:00:38.387126+03	4
129	46.80	2024-08-03 11:00:38.389202+03	5
130	24.50	2024-08-03 11:02:18.717356+03	4
131	46.90	2024-08-03 11:02:18.720328+03	5
132	24.20	2024-08-03 11:02:44.504648+03	4
133	47.30	2024-08-03 11:02:44.507604+03	5
134	24.30	2024-08-03 11:07:44.850978+03	4
135	47.40	2024-08-03 11:07:44.85354+03	5
136	24.40	2024-08-03 11:10:36.853571+03	4
137	47.30	2024-08-03 11:10:36.856154+03	5
138	24.40	2024-08-03 11:15:37.202055+03	4
139	47.90	2024-08-03 11:15:37.20539+03	5
140	24.20	2024-08-03 11:20:37.541495+03	4
141	47.80	2024-08-03 11:20:37.554915+03	5
142	24.30	2024-08-03 11:25:37.893157+03	4
143	47.70	2024-08-03 11:25:37.895485+03	5
144	24.60	2024-08-03 11:30:38.229588+03	4
145	46.50	2024-08-03 11:30:38.23164+03	5
\.


--
-- Data for Name: home_sensorvalueavgday; Type: TABLE DATA; Schema: public; Owner: vova
--

COPY public.home_sensorvalueavgday (id, value, date, sensor_id_id) FROM stdin;
\.


--
-- Data for Name: manicure_baseservice; Type: TABLE DATA; Schema: public; Owner: vova
--

COPY public.manicure_baseservice (id, name) FROM stdin;
1	Маникюр
2	СПА-педикюр
3	Экспресс-педикюр
4	Смарт-педикюр
5	Дополнительные услуги
\.


--
-- Data for Name: manicure_providedservice; Type: TABLE DATA; Schema: public; Owner: vova
--

COPY public.manicure_providedservice (id, price, date, service_id, telegram_user_id) FROM stdin;
9	22.23	2024-07-27	4	2
14	28.30	2024-07-27	6	2
17	0.75	2024-07-27	24	2
18	0.75	2024-07-27	26	2
21	22.23	2024-07-27	7	2
25	28.30	2024-07-27	20	2
26	26.28	2024-07-27	19	2
27	22.23	2024-07-27	18	2
28	16.63	2024-07-28	2	2
29	19.38	2024-07-28	3	2
30	22.23	2024-07-28	4	2
31	32.34	2024-07-28	21	2
32	28.30	2024-07-28	20	2
33	0.75	2024-07-28	24	2
\.


--
-- Data for Name: manicure_service; Type: TABLE DATA; Schema: public; Owner: vova
--

COPY public.manicure_service (id, name, short, price, base_id, timing) FROM stdin;
1	Маникюр без покрытия (аппаратный, комбинированный)	б/п	16.63	1	45
2	Маникюр мужской	мужской	16.63	1	60
3	Маникюр с покрытием эколаком	эколак	19.38	1	80
4	Маникюр с покрытием эколаком "френч"	эколак "френч"	22.23	1	90
5	Маникюр с долговременным покрытием	гель-лак	26.28	1	90
6	Маникюр с долговременным покрытием "френч"	гель-лак "френч"	28.30	1	150
7	Спа-педикюр Feetcalm без покрытия (аппаратный, комбинированный)	б/п	22.23	2	60
8	Мужской спа-педикюр Feetcalm	мужской	22.23	2	60
9	Спа-педикюр Feetcalm с покрытием эколаком	эколак	26.28	2	90
10	Спа-педикюр Feetcalm с покрытием эколаком "френч"	эколак "френч"	28.30	2	90
11	Спа-педикюр Feetcalm с долговременным покрытием	гель-лак	32.34	2	120
12	Спа-педикюр Feetcalm с долговременным покрытием "френч"	гель-лак "френч"	34.36	2	120
13	Экспресс-педикюр без покрытия (обработка пальцев ног)	б/п	16.17	3	60
14	Экспресс-педикюр с покрытием эколаком	эколак	22.23	3	60
15	Экспресс-педикюр с покрытием эколаком "френч"	эколак "френч"	24.26	3	90
16	Экспресс-педикюр с долговременным покрытием	гель-лак	26.28	3	90
17	Экспресс-педикюр с долговременным покрытием "френч"	гель-лак "френч"	30.32	3	90
18	Смарт-педикюр без покрытия	б/п	22.23	4	60
19	Смарт-педикюр с покрытием эколаком	эколак	26.28	4	90
20	Смарт-педикюр с покрытием эколаком "френч"	эколак "френч"	28.30	4	90
21	Смарт-педикюр с долговременным покрытием	гель-лак	32.34	4	120
22	Смарт-педикюр с долговременным покрытием "френч"	гель-лак "френч"	31.61	4	120
23	Укрепление ногтей гелем	укрепление гелем	4.04	5	\N
24	Дизайн 1 ногтя гель-лаком	1 дизайн	0.75	5	\N
25	Сложный дизайн 1 ногтя гель-лаком	сложный дизайн	1.40	5	\N
26	Дизайн 1 ногтя эколаком	1 диз. лаком	0.75	5	\N
27	Сложный дизайн 1 ногтя эколаком	Сл.диз. эколаком	1.21	5	\N
28	Ремонт 1 ногтя шелком	Ремонт ногтя шелком	1.21	5	\N
29	Ремонт 1 ногтя гель-лаком	Ремон гель-лаком	2.02	5	\N
30	Ремонт 10 ногтей (в комплексе с другой услугой)	Ремонт 10 ногтей	5.00	5	\N
31	Сложный ремонт 1 ногтя	Сложный ремонт ногтя	4.04	5	\N
32	Сложный ремонт 10 ногтей (в комплексе с другой услугой)	Сложный ремонт 10 ногтей	10.63	5	\N
33	Снятие лака	Снятие лака	2.02	5	\N
34	Снятие долговременного покрытия	Снятие долг. покрытия	6.25	5	\N
\.


--
-- Data for Name: manicure_telegramuser; Type: TABLE DATA; Schema: public; Owner: vova
--

COPY public.manicure_telegramuser (id, telegram_id, username, first_name, last_name) FROM stdin;
1	948682270	mariya	Мария	Масалыка
2	775094528	vovanbeckham	Вова	Масалыка
\.


--
-- Name: auth_group_id_seq; Type: SEQUENCE SET; Schema: public; Owner: vova
--

SELECT pg_catalog.setval('public.auth_group_id_seq', 1, false);


--
-- Name: auth_group_permissions_id_seq; Type: SEQUENCE SET; Schema: public; Owner: vova
--

SELECT pg_catalog.setval('public.auth_group_permissions_id_seq', 1, false);


--
-- Name: auth_permission_id_seq; Type: SEQUENCE SET; Schema: public; Owner: vova
--

SELECT pg_catalog.setval('public.auth_permission_id_seq', 56, true);


--
-- Name: auth_user_groups_id_seq; Type: SEQUENCE SET; Schema: public; Owner: vova
--

SELECT pg_catalog.setval('public.auth_user_groups_id_seq', 1, false);


--
-- Name: auth_user_id_seq; Type: SEQUENCE SET; Schema: public; Owner: vova
--

SELECT pg_catalog.setval('public.auth_user_id_seq', 1, true);


--
-- Name: auth_user_user_permissions_id_seq; Type: SEQUENCE SET; Schema: public; Owner: vova
--

SELECT pg_catalog.setval('public.auth_user_user_permissions_id_seq', 1, false);


--
-- Name: django_admin_log_id_seq; Type: SEQUENCE SET; Schema: public; Owner: vova
--

SELECT pg_catalog.setval('public.django_admin_log_id_seq', 44, true);


--
-- Name: django_content_type_id_seq; Type: SEQUENCE SET; Schema: public; Owner: vova
--

SELECT pg_catalog.setval('public.django_content_type_id_seq', 14, true);


--
-- Name: django_migrations_id_seq; Type: SEQUENCE SET; Schema: public; Owner: vova
--

SELECT pg_catalog.setval('public.django_migrations_id_seq', 22, true);


--
-- Name: home_device_id_seq; Type: SEQUENCE SET; Schema: public; Owner: vova
--

SELECT pg_catalog.setval('public.home_device_id_seq', 1, true);


--
-- Name: home_sensor_id_seq; Type: SEQUENCE SET; Schema: public; Owner: vova
--

SELECT pg_catalog.setval('public.home_sensor_id_seq', 5, true);


--
-- Name: home_sensorvalue_id_seq; Type: SEQUENCE SET; Schema: public; Owner: vova
--

SELECT pg_catalog.setval('public.home_sensorvalue_id_seq', 145, true);


--
-- Name: home_sensorvalueavgday_id_seq; Type: SEQUENCE SET; Schema: public; Owner: vova
--

SELECT pg_catalog.setval('public.home_sensorvalueavgday_id_seq', 1, false);


--
-- Name: manicure_baseservice_id_seq; Type: SEQUENCE SET; Schema: public; Owner: vova
--

SELECT pg_catalog.setval('public.manicure_baseservice_id_seq', 5, true);


--
-- Name: manicure_providedservice_id_seq; Type: SEQUENCE SET; Schema: public; Owner: vova
--

SELECT pg_catalog.setval('public.manicure_providedservice_id_seq', 33, true);


--
-- Name: manicure_service_id_seq; Type: SEQUENCE SET; Schema: public; Owner: vova
--

SELECT pg_catalog.setval('public.manicure_service_id_seq', 34, true);


--
-- Name: manicure_telegramuser_id_seq; Type: SEQUENCE SET; Schema: public; Owner: vova
--

SELECT pg_catalog.setval('public.manicure_telegramuser_id_seq', 2, true);


--
-- Name: auth_group auth_group_name_key; Type: CONSTRAINT; Schema: public; Owner: vova
--

ALTER TABLE ONLY public.auth_group
    ADD CONSTRAINT auth_group_name_key UNIQUE (name);


--
-- Name: auth_group_permissions auth_group_permissions_group_id_permission_id_0cd325b0_uniq; Type: CONSTRAINT; Schema: public; Owner: vova
--

ALTER TABLE ONLY public.auth_group_permissions
    ADD CONSTRAINT auth_group_permissions_group_id_permission_id_0cd325b0_uniq UNIQUE (group_id, permission_id);


--
-- Name: auth_group_permissions auth_group_permissions_pkey; Type: CONSTRAINT; Schema: public; Owner: vova
--

ALTER TABLE ONLY public.auth_group_permissions
    ADD CONSTRAINT auth_group_permissions_pkey PRIMARY KEY (id);


--
-- Name: auth_group auth_group_pkey; Type: CONSTRAINT; Schema: public; Owner: vova
--

ALTER TABLE ONLY public.auth_group
    ADD CONSTRAINT auth_group_pkey PRIMARY KEY (id);


--
-- Name: auth_permission auth_permission_content_type_id_codename_01ab375a_uniq; Type: CONSTRAINT; Schema: public; Owner: vova
--

ALTER TABLE ONLY public.auth_permission
    ADD CONSTRAINT auth_permission_content_type_id_codename_01ab375a_uniq UNIQUE (content_type_id, codename);


--
-- Name: auth_permission auth_permission_pkey; Type: CONSTRAINT; Schema: public; Owner: vova
--

ALTER TABLE ONLY public.auth_permission
    ADD CONSTRAINT auth_permission_pkey PRIMARY KEY (id);


--
-- Name: auth_user_groups auth_user_groups_pkey; Type: CONSTRAINT; Schema: public; Owner: vova
--

ALTER TABLE ONLY public.auth_user_groups
    ADD CONSTRAINT auth_user_groups_pkey PRIMARY KEY (id);


--
-- Name: auth_user_groups auth_user_groups_user_id_group_id_94350c0c_uniq; Type: CONSTRAINT; Schema: public; Owner: vova
--

ALTER TABLE ONLY public.auth_user_groups
    ADD CONSTRAINT auth_user_groups_user_id_group_id_94350c0c_uniq UNIQUE (user_id, group_id);


--
-- Name: auth_user auth_user_pkey; Type: CONSTRAINT; Schema: public; Owner: vova
--

ALTER TABLE ONLY public.auth_user
    ADD CONSTRAINT auth_user_pkey PRIMARY KEY (id);


--
-- Name: auth_user_user_permissions auth_user_user_permissions_pkey; Type: CONSTRAINT; Schema: public; Owner: vova
--

ALTER TABLE ONLY public.auth_user_user_permissions
    ADD CONSTRAINT auth_user_user_permissions_pkey PRIMARY KEY (id);


--
-- Name: auth_user_user_permissions auth_user_user_permissions_user_id_permission_id_14a6b632_uniq; Type: CONSTRAINT; Schema: public; Owner: vova
--

ALTER TABLE ONLY public.auth_user_user_permissions
    ADD CONSTRAINT auth_user_user_permissions_user_id_permission_id_14a6b632_uniq UNIQUE (user_id, permission_id);


--
-- Name: auth_user auth_user_username_key; Type: CONSTRAINT; Schema: public; Owner: vova
--

ALTER TABLE ONLY public.auth_user
    ADD CONSTRAINT auth_user_username_key UNIQUE (username);


--
-- Name: django_admin_log django_admin_log_pkey; Type: CONSTRAINT; Schema: public; Owner: vova
--

ALTER TABLE ONLY public.django_admin_log
    ADD CONSTRAINT django_admin_log_pkey PRIMARY KEY (id);


--
-- Name: django_content_type django_content_type_app_label_model_76bd3d3b_uniq; Type: CONSTRAINT; Schema: public; Owner: vova
--

ALTER TABLE ONLY public.django_content_type
    ADD CONSTRAINT django_content_type_app_label_model_76bd3d3b_uniq UNIQUE (app_label, model);


--
-- Name: django_content_type django_content_type_pkey; Type: CONSTRAINT; Schema: public; Owner: vova
--

ALTER TABLE ONLY public.django_content_type
    ADD CONSTRAINT django_content_type_pkey PRIMARY KEY (id);


--
-- Name: django_migrations django_migrations_pkey; Type: CONSTRAINT; Schema: public; Owner: vova
--

ALTER TABLE ONLY public.django_migrations
    ADD CONSTRAINT django_migrations_pkey PRIMARY KEY (id);


--
-- Name: django_session django_session_pkey; Type: CONSTRAINT; Schema: public; Owner: vova
--

ALTER TABLE ONLY public.django_session
    ADD CONSTRAINT django_session_pkey PRIMARY KEY (session_key);


--
-- Name: home_device home_device_pkey; Type: CONSTRAINT; Schema: public; Owner: vova
--

ALTER TABLE ONLY public.home_device
    ADD CONSTRAINT home_device_pkey PRIMARY KEY (id);


--
-- Name: home_sensor home_sensor_pkey; Type: CONSTRAINT; Schema: public; Owner: vova
--

ALTER TABLE ONLY public.home_sensor
    ADD CONSTRAINT home_sensor_pkey PRIMARY KEY (id);


--
-- Name: home_sensorvalue home_sensorvalue_pkey; Type: CONSTRAINT; Schema: public; Owner: vova
--

ALTER TABLE ONLY public.home_sensorvalue
    ADD CONSTRAINT home_sensorvalue_pkey PRIMARY KEY (id);


--
-- Name: home_sensorvalueavgday home_sensorvalueavgday_pkey; Type: CONSTRAINT; Schema: public; Owner: vova
--

ALTER TABLE ONLY public.home_sensorvalueavgday
    ADD CONSTRAINT home_sensorvalueavgday_pkey PRIMARY KEY (id);


--
-- Name: manicure_baseservice manicure_baseservice_pkey; Type: CONSTRAINT; Schema: public; Owner: vova
--

ALTER TABLE ONLY public.manicure_baseservice
    ADD CONSTRAINT manicure_baseservice_pkey PRIMARY KEY (id);


--
-- Name: manicure_providedservice manicure_providedservice_pkey; Type: CONSTRAINT; Schema: public; Owner: vova
--

ALTER TABLE ONLY public.manicure_providedservice
    ADD CONSTRAINT manicure_providedservice_pkey PRIMARY KEY (id);


--
-- Name: manicure_service manicure_service_pkey; Type: CONSTRAINT; Schema: public; Owner: vova
--

ALTER TABLE ONLY public.manicure_service
    ADD CONSTRAINT manicure_service_pkey PRIMARY KEY (id);


--
-- Name: manicure_telegramuser manicure_telegramuser_pkey; Type: CONSTRAINT; Schema: public; Owner: vova
--

ALTER TABLE ONLY public.manicure_telegramuser
    ADD CONSTRAINT manicure_telegramuser_pkey PRIMARY KEY (id);


--
-- Name: auth_group_name_a6ea08ec_like; Type: INDEX; Schema: public; Owner: vova
--

CREATE INDEX auth_group_name_a6ea08ec_like ON public.auth_group USING btree (name varchar_pattern_ops);


--
-- Name: auth_group_permissions_group_id_b120cbf9; Type: INDEX; Schema: public; Owner: vova
--

CREATE INDEX auth_group_permissions_group_id_b120cbf9 ON public.auth_group_permissions USING btree (group_id);


--
-- Name: auth_group_permissions_permission_id_84c5c92e; Type: INDEX; Schema: public; Owner: vova
--

CREATE INDEX auth_group_permissions_permission_id_84c5c92e ON public.auth_group_permissions USING btree (permission_id);


--
-- Name: auth_permission_content_type_id_2f476e4b; Type: INDEX; Schema: public; Owner: vova
--

CREATE INDEX auth_permission_content_type_id_2f476e4b ON public.auth_permission USING btree (content_type_id);


--
-- Name: auth_user_groups_group_id_97559544; Type: INDEX; Schema: public; Owner: vova
--

CREATE INDEX auth_user_groups_group_id_97559544 ON public.auth_user_groups USING btree (group_id);


--
-- Name: auth_user_groups_user_id_6a12ed8b; Type: INDEX; Schema: public; Owner: vova
--

CREATE INDEX auth_user_groups_user_id_6a12ed8b ON public.auth_user_groups USING btree (user_id);


--
-- Name: auth_user_user_permissions_permission_id_1fbb5f2c; Type: INDEX; Schema: public; Owner: vova
--

CREATE INDEX auth_user_user_permissions_permission_id_1fbb5f2c ON public.auth_user_user_permissions USING btree (permission_id);


--
-- Name: auth_user_user_permissions_user_id_a95ead1b; Type: INDEX; Schema: public; Owner: vova
--

CREATE INDEX auth_user_user_permissions_user_id_a95ead1b ON public.auth_user_user_permissions USING btree (user_id);


--
-- Name: auth_user_username_6821ab7c_like; Type: INDEX; Schema: public; Owner: vova
--

CREATE INDEX auth_user_username_6821ab7c_like ON public.auth_user USING btree (username varchar_pattern_ops);


--
-- Name: django_admin_log_content_type_id_c4bce8eb; Type: INDEX; Schema: public; Owner: vova
--

CREATE INDEX django_admin_log_content_type_id_c4bce8eb ON public.django_admin_log USING btree (content_type_id);


--
-- Name: django_admin_log_user_id_c564eba6; Type: INDEX; Schema: public; Owner: vova
--

CREATE INDEX django_admin_log_user_id_c564eba6 ON public.django_admin_log USING btree (user_id);


--
-- Name: django_session_expire_date_a5c62663; Type: INDEX; Schema: public; Owner: vova
--

CREATE INDEX django_session_expire_date_a5c62663 ON public.django_session USING btree (expire_date);


--
-- Name: django_session_session_key_c0390e0f_like; Type: INDEX; Schema: public; Owner: vova
--

CREATE INDEX django_session_session_key_c0390e0f_like ON public.django_session USING btree (session_key varchar_pattern_ops);


--
-- Name: home_sensor_device_id_id_e0a7b4ad; Type: INDEX; Schema: public; Owner: vova
--

CREATE INDEX home_sensor_device_id_id_e0a7b4ad ON public.home_sensor USING btree (device_id_id);


--
-- Name: home_sensorvalue_sensor_id_id_33854f36; Type: INDEX; Schema: public; Owner: vova
--

CREATE INDEX home_sensorvalue_sensor_id_id_33854f36 ON public.home_sensorvalue USING btree (sensor_id_id);


--
-- Name: home_sensorvalueavgday_sensor_id_id_c054310e; Type: INDEX; Schema: public; Owner: vova
--

CREATE INDEX home_sensorvalueavgday_sensor_id_id_c054310e ON public.home_sensorvalueavgday USING btree (sensor_id_id);


--
-- Name: manicure_providedservice_service_id_ecaf4379; Type: INDEX; Schema: public; Owner: vova
--

CREATE INDEX manicure_providedservice_service_id_ecaf4379 ON public.manicure_providedservice USING btree (service_id);


--
-- Name: manicure_providedservice_telegram_user_id_0937f5a9; Type: INDEX; Schema: public; Owner: vova
--

CREATE INDEX manicure_providedservice_telegram_user_id_0937f5a9 ON public.manicure_providedservice USING btree (telegram_user_id);


--
-- Name: manicure_service_base_id_e9a4cc66; Type: INDEX; Schema: public; Owner: vova
--

CREATE INDEX manicure_service_base_id_e9a4cc66 ON public.manicure_service USING btree (base_id);


--
-- Name: auth_group_permissions auth_group_permissio_permission_id_84c5c92e_fk_auth_perm; Type: FK CONSTRAINT; Schema: public; Owner: vova
--

ALTER TABLE ONLY public.auth_group_permissions
    ADD CONSTRAINT auth_group_permissio_permission_id_84c5c92e_fk_auth_perm FOREIGN KEY (permission_id) REFERENCES public.auth_permission(id) DEFERRABLE INITIALLY DEFERRED;


--
-- Name: auth_group_permissions auth_group_permissions_group_id_b120cbf9_fk_auth_group_id; Type: FK CONSTRAINT; Schema: public; Owner: vova
--

ALTER TABLE ONLY public.auth_group_permissions
    ADD CONSTRAINT auth_group_permissions_group_id_b120cbf9_fk_auth_group_id FOREIGN KEY (group_id) REFERENCES public.auth_group(id) DEFERRABLE INITIALLY DEFERRED;


--
-- Name: auth_permission auth_permission_content_type_id_2f476e4b_fk_django_co; Type: FK CONSTRAINT; Schema: public; Owner: vova
--

ALTER TABLE ONLY public.auth_permission
    ADD CONSTRAINT auth_permission_content_type_id_2f476e4b_fk_django_co FOREIGN KEY (content_type_id) REFERENCES public.django_content_type(id) DEFERRABLE INITIALLY DEFERRED;


--
-- Name: auth_user_groups auth_user_groups_group_id_97559544_fk_auth_group_id; Type: FK CONSTRAINT; Schema: public; Owner: vova
--

ALTER TABLE ONLY public.auth_user_groups
    ADD CONSTRAINT auth_user_groups_group_id_97559544_fk_auth_group_id FOREIGN KEY (group_id) REFERENCES public.auth_group(id) DEFERRABLE INITIALLY DEFERRED;


--
-- Name: auth_user_groups auth_user_groups_user_id_6a12ed8b_fk_auth_user_id; Type: FK CONSTRAINT; Schema: public; Owner: vova
--

ALTER TABLE ONLY public.auth_user_groups
    ADD CONSTRAINT auth_user_groups_user_id_6a12ed8b_fk_auth_user_id FOREIGN KEY (user_id) REFERENCES public.auth_user(id) DEFERRABLE INITIALLY DEFERRED;


--
-- Name: auth_user_user_permissions auth_user_user_permi_permission_id_1fbb5f2c_fk_auth_perm; Type: FK CONSTRAINT; Schema: public; Owner: vova
--

ALTER TABLE ONLY public.auth_user_user_permissions
    ADD CONSTRAINT auth_user_user_permi_permission_id_1fbb5f2c_fk_auth_perm FOREIGN KEY (permission_id) REFERENCES public.auth_permission(id) DEFERRABLE INITIALLY DEFERRED;


--
-- Name: auth_user_user_permissions auth_user_user_permissions_user_id_a95ead1b_fk_auth_user_id; Type: FK CONSTRAINT; Schema: public; Owner: vova
--

ALTER TABLE ONLY public.auth_user_user_permissions
    ADD CONSTRAINT auth_user_user_permissions_user_id_a95ead1b_fk_auth_user_id FOREIGN KEY (user_id) REFERENCES public.auth_user(id) DEFERRABLE INITIALLY DEFERRED;


--
-- Name: django_admin_log django_admin_log_content_type_id_c4bce8eb_fk_django_co; Type: FK CONSTRAINT; Schema: public; Owner: vova
--

ALTER TABLE ONLY public.django_admin_log
    ADD CONSTRAINT django_admin_log_content_type_id_c4bce8eb_fk_django_co FOREIGN KEY (content_type_id) REFERENCES public.django_content_type(id) DEFERRABLE INITIALLY DEFERRED;


--
-- Name: django_admin_log django_admin_log_user_id_c564eba6_fk_auth_user_id; Type: FK CONSTRAINT; Schema: public; Owner: vova
--

ALTER TABLE ONLY public.django_admin_log
    ADD CONSTRAINT django_admin_log_user_id_c564eba6_fk_auth_user_id FOREIGN KEY (user_id) REFERENCES public.auth_user(id) DEFERRABLE INITIALLY DEFERRED;


--
-- Name: home_sensor home_sensor_device_id_id_e0a7b4ad_fk_home_device_id; Type: FK CONSTRAINT; Schema: public; Owner: vova
--

ALTER TABLE ONLY public.home_sensor
    ADD CONSTRAINT home_sensor_device_id_id_e0a7b4ad_fk_home_device_id FOREIGN KEY (device_id_id) REFERENCES public.home_device(id) DEFERRABLE INITIALLY DEFERRED;


--
-- Name: home_sensorvalue home_sensorvalue_sensor_id_id_33854f36_fk_home_sensor_id; Type: FK CONSTRAINT; Schema: public; Owner: vova
--

ALTER TABLE ONLY public.home_sensorvalue
    ADD CONSTRAINT home_sensorvalue_sensor_id_id_33854f36_fk_home_sensor_id FOREIGN KEY (sensor_id_id) REFERENCES public.home_sensor(id) DEFERRABLE INITIALLY DEFERRED;


--
-- Name: home_sensorvalueavgday home_sensorvalueavgday_sensor_id_id_c054310e_fk_home_sensor_id; Type: FK CONSTRAINT; Schema: public; Owner: vova
--

ALTER TABLE ONLY public.home_sensorvalueavgday
    ADD CONSTRAINT home_sensorvalueavgday_sensor_id_id_c054310e_fk_home_sensor_id FOREIGN KEY (sensor_id_id) REFERENCES public.home_sensor(id) DEFERRABLE INITIALLY DEFERRED;


--
-- Name: manicure_providedservice manicure_providedser_service_id_ecaf4379_fk_manicure_; Type: FK CONSTRAINT; Schema: public; Owner: vova
--

ALTER TABLE ONLY public.manicure_providedservice
    ADD CONSTRAINT manicure_providedser_service_id_ecaf4379_fk_manicure_ FOREIGN KEY (service_id) REFERENCES public.manicure_service(id) DEFERRABLE INITIALLY DEFERRED;


--
-- Name: manicure_providedservice manicure_providedser_telegram_user_id_0937f5a9_fk_manicure_; Type: FK CONSTRAINT; Schema: public; Owner: vova
--

ALTER TABLE ONLY public.manicure_providedservice
    ADD CONSTRAINT manicure_providedser_telegram_user_id_0937f5a9_fk_manicure_ FOREIGN KEY (telegram_user_id) REFERENCES public.manicure_telegramuser(id) DEFERRABLE INITIALLY DEFERRED;


--
-- Name: manicure_service manicure_service_base_id_e9a4cc66_fk_manicure_baseservice_id; Type: FK CONSTRAINT; Schema: public; Owner: vova
--

ALTER TABLE ONLY public.manicure_service
    ADD CONSTRAINT manicure_service_base_id_e9a4cc66_fk_manicure_baseservice_id FOREIGN KEY (base_id) REFERENCES public.manicure_baseservice(id) DEFERRABLE INITIALLY DEFERRED;


--
-- PostgreSQL database dump complete
--

